{
  "test/integration/pages/ArticlesList.js": 1744065085325,
  "Component.js": 1744065085149,
  "i18n/i18n.properties": 1744065087149,
  "test/integration/opaTests.qunit.js": 1744065085305,
  "test/integration/FirstJourney.js": 1744065085345,
  "test/testsuite.qunit.js": 1744065085281,
  "xs-app.json": 1744125871770,
  "manifest.json": 1744123068224,
  "test/integration/pages/ArticlesObjectPage.js": 1744065085325,
  "test/integration/opaTests.qunit-dbg.js": 1744065085305,
  "test/integration/opaTests.qunit.js.map": 1744125879100,
  "test/integration/pages/ArticlesList-dbg.js": 1744065085325,
  "test/integration/pages/ArticlesList.js.map": 1744125879090,
  "Component-dbg.js": 1744065085149,
  "Component.js.map": 1744125879101,
  "test/integration/FirstJourney-dbg.js": 1744065085345,
  "test/integration/FirstJourney.js.map": 1744125879093,
  "test/testsuite.qunit-dbg.js": 1744065085281,
  "test/testsuite.qunit.js.map": 1744125879097,
  "test/integration/pages/ArticlesObjectPage-dbg.js": 1744065085325,
  "test/integration/pages/ArticlesObjectPage.js.map": 1744125879097,
  "Component-preload.js": 1744125879210,
  "Component-preload.js.map": 1744125879210,
  "test/integration/opaTests.qunit.html": 1744065085305,
  "test/testsuite.qunit.html": 1744065085229,
  "test/flpSandbox.html": 1744065085229,
  "index.html": 1744065085149
}